<?xml version="1.0" encoding="UTF-8"?>

<project basedir="." default="build-service" name="NFV-SOL3">
	<description>
			Script for NFV Assignment 3 solution
	</description>
	
	<property name="serviceName" value="NfvDeployer" />
	<property name="root.location" location="${basedir}" />
	<property name="gen.dir" location="${basedir}/src" />
	
	<target name="generate-artifacts" description="generate Java classes from schema">
		<exec executable="xjc" failonerror="true" >
			<arg value="-d" />
			<arg value="${gen.dir}" />
			<arg value="-p" />
			<arg value="it.polito.dp2.NFV.sol3.service.jaxb" />
			<arg value="${root.location}/xsd/${serviceName}.xsd" />
		</exec>
    </target>
	
	<!-- Service builder target -->
	<target name="build-service" depends="generate-artifacts">
		
	</target>
</project>